{"cameraMode":{"drawMode":0,"name":"Shaded","section":"Shading Mode"},"sceneLighting":true,"audioPlay":false,"sceneViewState":{"showFog":false,"showMaterialUpdate":false,"showSkybox":false,"showFlares":true,"showImageEffects":true,"showParticleSystems":true},"in2DMode":false,"pivot":{"x":1.1147682666778565,"y":2.468127727508545,"z":0.15691345930099488},"rotation":{"x":0.16878226399421693,"y":-0.5784626603126526,"z":0.12383702397346497,"w":0.7883964776992798},"size":3.6879615783691408,"orthographic":false}