{"cameraMode":{"drawMode":0,"name":"Shaded","section":"Shading Mode"},"sceneLighting":true,"audioPlay":false,"sceneViewState":{"showFog":false,"showMaterialUpdate":false,"showSkybox":false,"showFlares":true,"showImageEffects":true,"showParticleSystems":true},"in2DMode":false,"pivot":{"x":-67.88267517089844,"y":-179.0227813720703,"z":129.85800170898438},"rotation":{"x":0.42297321557998659,"y":-0.21656842529773713,"z":0.1048550084233284,"w":0.873616635799408},"size":250.6679229736328,"orthographic":false}